,Unnamed: 0,recipe_name,details,ingredients,instructions,image_url,recipe_url
0,0.0,Everything cookies,"['“These chewy cookies, divvied out with an ice cream scoop, make the perfect receptacle for leftover nuts, dried fruit, toffees, chocolate and any other treats you might have hanging about. Vary the additions as you wish – just keep the total quantity to around 150g. If you prefer a crisper cookie, cook them for a couple more minutes.  ”', 'Makes 18                                                    \n\nCooks In35 minutes plus chilling and cooling                                                    \n\nDifficultyNot too tricky', 'Makes 18                                                    \n\nCooks In35 minutes plus chilling and cooling                                                    \n\nDifficultyNot too tricky', 'Makes 18', 'Cooks In35 minutes plus chilling and cooling', 'DifficultyNot too tricky']","['200 g unsalted butter , (at room temperature)', '150 g golden caster sugar', '50 g light brown muscovado sugar', '1 large free-range egg', '1 teaspoon vanilla extract', '325 g self-raising flour', '100 g dark, milk or white chocolate , (or a mixture)', '50 g toffees', '50 g dried fruit , such as apricots, cranberries, cherries', '50 g shelled nuts , such as Brazils, almonds, pecans and walnuts']","['Preheat the oven to 180ºC/gas 4. In a large bowl, beat the butter and both sugars together for 2 minutes, until light and fluffy. Beat in the egg and vanilla extract until combined.', 'Add the flour and 1 teaspoon of sea salt to the cookie mixture and mix well to form a dough. Roughly chop the chocolate and toffees, then stir through the mixture with the dried fruit and nuts, or whatever you are throwing in, then cover and leave in the fridge to firm up for at least 2 hours (or up to 3 days, if you want to make these in advance). Chill as long as you can, as the flavours will deepen over time.', 'Line a large baking sheet with non-stick baking paper and use an ice cream scoop to form balls of cookie dough. Space the scoops out well – 6 in a batch is plenty as they will spread – and bake for about 15 minutes, until pale golden.', 'Leave the cookies on the tray for a few minutes to firm up, then transfer to wire racks to cool while you bake the next batch.']","https://img.jamieoliver.com/jamieoliver/recipe-database/6WKpU4GcaA49VMMi7ECd1d.jpg?tr=w-800,h-1066",https://www.jamieoliver.com/recipes/fruit-recipes/everything-cookies/
1,1.0,Apple crumble cookies,"['Makes 24                                                    \n\nCooks In24 minutes                                                    \n\nDifficultyNot too tricky', 'Makes 24                                                    \n\nCooks In24 minutes                                                    \n\nDifficultyNot too tricky', 'Makes 24', 'Cooks In24 minutes', 'DifficultyNot too tricky']","['100 g dried apple', '200 g self-raising flour', '100 g unsalted butter , (cold)', '100 g caster sugar', '1 large free-range egg']","['Preheat the oven to 200ºC/400ºF/gas 6. Line two trays with greaseproof paper and rub with olive oil.', 'Whiz the apple in a food processor until finely chopped, then add the flour, cubed butter, sugar and a pinch of sea salt. Blitz to fine crumbs for 1 minute, then remove 3 tablespoons of the mix and set aside.', 'Pulse in the egg until combined, stopping to scrape down the sides, if needed.', 'Divide into 24 pieces, roll into balls, then press down lightly into 4cm rounds, lining them up on the trays as you go.', 'Sprinkle over the reserved mix, lightly pressing it into the cookies. Bake for 8 to 10 minutes, or until lightly golden.', 'Leave to cool slightly, then transfer to a wire cooling rack. Yum!']","https://img.jamieoliver.com/jamieoliver/recipe-database/55846348.jpg?tr=w-800,h-1066",https://www.jamieoliver.com/recipes/fruit-recipes/apple-crumble-cookies/
2,2.0,Chocolate rye cookies,"['Makes 24                                                    \n\nCooks In28 minutes                                                    \n\nDifficultyNot too tricky', 'Makes 24                                                    \n\nCooks In28 minutes                                                    \n\nDifficultyNot too tricky', 'Makes 24', 'Cooks In28 minutes', 'DifficultyNot too tricky']","['100 g quality dark chocolate , (70%)', '100 g unsalted butter', '100 g rye bread', '2 large free-range eggs', '50 g golden caster sugar']","['Preheat the oven to 200ºC/400ºF/gas 6. Line two trays with greaseproof paper and rub with olive oil.', 'Melt the chocolate in a heatproof bowl over a pan of gently simmering water, then remove and stir in the butter so it melts.', 'Tear the bread into a food processor and blitz into fine crumbs, then add the eggs and sugar, and blitz again well. With the processor still running, pour in the chocolate mixture and let it blitz until combined.', 'Spoon the cookie mix into a large sandwich bag, snip off the corner and pipe 3-4cm blobs to make 24 cookies on the lined trays.', 'Bake for 8 to 10 minutes, or until spread and set. Sprinkle with sea salt, leave to cool a little, and tuck in.']","https://img.jamieoliver.com/jamieoliver/recipe-database/55846354.jpg?tr=w-800,h-1066",https://www.jamieoliver.com/recipes/chocolate-recipes/chocolate-rye-cookies/
3,3.0,Peanut butter cookies,"[""“These iced biscuits make great placeholders for the Christmas table, or even personalised gifts for your kids' classmates. ”"", 'Makes about 24                                                    \n\nCooks In35 minutes plus cooling                                                    \n\nDifficultyNot too tricky', 'Makes about 24                                                    \n\nCooks In35 minutes plus cooling                                                    \n\nDifficultyNot too tricky', 'Makes about 24', 'Cooks In35 minutes plus cooling', 'DifficultyNot too tricky']","['200 g oats', '100 g chocolate', '125 g wholemeal or spelt flour', '1 teaspoon baking powder', '100 g unsalted butter (at room temperature)', '100 g smooth peanut butter', '200 g light muscovado sugar', '200 g dark muscovado sugar', '1 teaspoon vanilla extract', '2 free-range eggs', '200 g icing sugar', 'natural food colouring , optional', 'Smarties , optional', 'icing pens , optional']","['Preheat the oven to 180ºC/gas 4. In a food processor, blitz the oats to a fine powder. Roughly chop the chocolate. Add the oats and chocolate to a bowl with the flour and baking powder, mix to combine and set aside.', 'Place the butter, peanut butter, sugars and vanilla extract in a bowl and, using either an electric whisk or by hand, beat them together until whipped and creamy.', 'Add the eggs, followed by the dry ingredients, and mix well with a wooden spoon until everything is combined and you have a stiff dough.', 'Place heaped teaspoons of the mixture on the baking sheets, leaving 3cm between each one. Bake in the oven for 8 to 10 minutes, until golden around the edges, then remove from the oven and leave to cool for 5 minutes before transferring to a wire rack to cool completely.', 'To make the icing, sift the icing sugar into a bowl and mix in a few drops of water until it’s a spreadable consistency. You could add natural food colouring, if you like.', 'Ice the cooled cookies and decorate with Smarties (if using). Get the kids to write names on them with icing pens, or make a little extra icing in a different colour, and spoon it into a small piping bag with a fine nozzle.']","https://img.jamieoliver.com/jamieoliver/recipe-database/A2xZgYEh4Fd87FCi7AGv5E.jpg?tr=w-800,h-1066",https://www.jamieoliver.com/recipes/chocolate-recipes/peanut-butter-cookies/
4,4.0,Chocolate candy cane cookies,"[""“Minty chocolate cookies speckled with crushed candy canes make tempting tree ornaments – you'll just have to hope there'll be some left on Christmas Day! ”"", 'Makes 50                                                    \n\nCooks In1 hour 10 minutes                                                    \n\nDifficultyNot too tricky', 'Makes 50                                                    \n\nCooks In1 hour 10 minutes                                                    \n\nDifficultyNot too tricky', 'Makes 50', 'Cooks In1 hour 10 minutes', 'DifficultyNot too tricky']","['125 g unsalted butter , at room temperature', '250 g unrefined light brown sugar', '1 large free-range egg', '1 teaspoon peppermint extract', '50 g cocoa powder', '1 teaspoon baking powder', '150 g wholemeal flour', '60 g plain flour , plus extra for dusting', '2-3 candy canes', 'CHOCOLATE ICING', '100 g icing sugar', '50 g cocoa powder']","['Preheat the oven to 180°C/350°F/gas 4 and line 2 baking sheets with baking paper.', 'In the bowl of an electric mixer, cream the butter and sugar until light and fluffy.', 'Beat the egg and stir into the mixture with the peppermint extract, cocoa powder and a tiny pinch of sea salt, mixing until the cocoa is integrated and the batter is smooth and creamy, with the consistency of thick icing.', ""Add the baking powder and flours, and mix until the batter comes together (don't worry if it’s slightly crumbly)."", 'Turn out the dough onto a floured work surface and knead it just once or twice to bring it together.', 'Split it in half, flatten each piece into 2½cm-thick discs, then wrap them both in clingfilm. Chill in the fridge for 20 minutes.', 'Once cool, unwrap the dough onto a well-floured surface and roll it out very thin (about 2½mm thick).', 'Using a 6cm round cutter, stamp out the cookies. You can make them bigger or smaller if you like – you’ll just need to watch the cooking time.', 'Place the cookies on the prepared baking trays and use a skewer to pierce little holes at the top for threading the ribbon.', 'Bake for 7 to 10 minutes, or until firm.', 'Remove from the oven, transfer to a wire rack and allow to cool completely.', 'Make the icing by sifting the icing sugar and cocoa into a bowl, then gradually add a few drops of hot water until you have a smooth but thick consistency.', 'When the cookies have completely cooled, slather them with a little icing and top with the crushed-up candy canes.', 'Once the icing is set, thread with ribbon and hang from the tree. These will keep for 1 to 2 weeks.']","https://img.jamieoliver.com/jamieoliver/recipe-database/46257119.jpg?tr=w-800,h-1066",https://www.jamieoliver.com/recipes/chocolate-recipes/chocolate-candy-cane-cookies/
5,5.0,DIY cookie jars,"['“This makes a great present: in a pretty jar, layer dry ingredients for cookie or cake recipes. Tie on a card with instructions on how to turn it all into delicious baked goods. ”', 'Makes 20                                                    \n\nCooks In10 minutes                                                    \n\nDifficultySuper easy', 'Makes 20                                                    \n\nCooks In10 minutes                                                    \n\nDifficultySuper easy', 'Makes 20', 'Cooks In10 minutes', 'DifficultySuper easy']","['115 g plain flour', '1/2 teaspoon baking powder', '1/2 teaspoon ground cinnamon', '1/4 teaspoon sea salt', '150 g raisins', '165 g rolled oats', '125 g light brown sugar', '1 vanilla pod']","['In a clean, dry 750ml jar, carefully layer up the ingredients in order, starting with the flour. Tuck the vanilla pod inside or tie it around the lid with a gift tag, after sealing the jar. Write the following on the gift tag: To bake cookies, preheat oven to 180ºC/gas 4. Open the jar and carefully spoon the sugar into a mixing bowl with 115g softened butter. Split the vanilla pod, scrape out the seeds, add them to the bowl, then beat everything with an electric mixer until pale and fluffy. Mix in 1 large free-range egg. Empty in the rest of jar; combine until smooth. Refrigerate the dough for half an hour, then transfer tablespoons of it to a lined baking sheet. Flatten slightly, leaving room for them to spread. Bake for 10 to 12 minutes, until golden at the edges but soft in the middle. Leave on the baking sheet for 5 minutes before transferring to a rack to cool.']","https://img.jamieoliver.com/jamieoliver/recipe-database/Euq0OHcTKks8ysh2H1IJhL.jpg?tr=w-800,h-1066",https://www.jamieoliver.com/recipes/fruit-recipes/diy-cookie-jars/
6,6.0,Chocolate chip cookies,"['“You can’t beat a good homemade cookie. These ones are soft, chewy, delicious, and really simple to make ”', 'Makes 20                                                    \n\nCooks In20 minutes plus chilling                                                    \n\nDifficultySuper easy', 'Makes 20                                                    \n\nCooks In20 minutes plus chilling                                                    \n\nDifficultySuper easy', 'Makes 20', 'Cooks In20 minutes plus chilling', 'DifficultySuper easy']","['100 g unsalted butter , slightly softened', '125 g golden caster sugar', '1 large free-range egg', '½ teaspoon vanilla extract', '200 g self-raising flour', '1 pinch of fine sea salt', '100 g quality chocolate , (use a mixture of milk and dark, if you like)']","['Preheat the oven to 170ºC/325ºF/gas 3. Line two baking sheets with greaseproof paper.', 'Beat the butter and sugar in a large bowl until pale and creamy. Crack in the egg, add the vanilla and mix well. Sift in and fold through the flour and salt. Roughly chop and stir in the chocolate.', 'Roll tablespoons of the dough into balls and place onto the lined trays. Cover and chill in the fridge for 15 minutes.', 'Flatten the balls slightly with your fingers, then place in the hot oven for 10 to 12 minutes, or until lightly golden (make sure you don’t overdo them – the chewier the better). Leave to cool completely, then serve with a glass of cold milk.']","https://img.jamieoliver.com/jamieoliver/recipe-database/98118493.jpg?tr=w-800,h-1066",https://www.jamieoliver.com/recipes/chocolate-recipes/chocolate-chip-cookies/
7,7.0,Highly sophisticated chocolate chip cookies,"['“I expect a lot out of a chocolate chip cookie. Not only does it have to be vegan, I’m also looking for a handful of characteristics. Crispy and crunchy while also chewy. Salty yet not too sweet. The perfect amount of chocolate and butteriness. All the while with a depth of flavour. That’s precisely why this recipe was created. Now, it may not be for everyone. And that’s okay. There are loads of plain, basic\r\nchocolate chip cookie recipes out there. This isn’t one of them. Fresh rosemary, black pepper, and Nutmeg amuse the tongue; while coconut sugar, molasses, and flaxseeds provide the perfect chew. Toasted pecans and oat flour provide a subtle nuttiness. A sprinkling of flaked Maldon salt pushes these cookies over the top, in the best way possible. All in all, these are my go to chocolate chip cookies. They’re a bit more on the savoury side and, well, highly sophisticated. ”', 'Makes 12                                                    \n\nDifficultyNot too tricky', 'Makes 12                                                    \n\nDifficultyNot too tricky', 'Makes 12', 'DifficultyNot too tricky']","['1 cup coconut sugar', '¾ cup vegan butter , softened', '2 tablespoons fresh rosemary , finely chopped', '¼ teaspoon black pepper , freshly cracked', '¼ teaspoon nutmeg , freshly grated or ground', '¼ cup plain unsweetened plant-based milk', '1 tablespoon ground flaxseed meal', '½ teaspoon sorghum molasses', '2 teaspoons vanilla extract', '½ teaspoon almond extract', '1 cup all-purpose flour', '⅓ cup oat flour', '½ teaspoon baking soda', '¼ teaspoon sea salt , plus extra for sprinkling', '½ cup toasted pecans , roughly chopped', '3 ounces vegan dark chocolate , roughly chopped', '1 to 2 teaspoons vanilla sugar , (see tip), for sprinkling']","['Preheat the oven to 180°C/350°F/gas 4. Line two large baking sheets with parchment paper.', 'In a large bowl, combine the coconut sugar, butter, rosemary, black pepper, and nutmeg. Beat with a fork until smooth and fluffy. Add the milk and flaxseed meal and beat for another 30 seconds. Mix in the molasses, vanilla, and almond extract. Set aside.', 'In a separate bowl, combine the flours, baking soda, and salt. Mix well. In small amounts, slowly add this mixture to the wet mixture, mixing constantly until it forms a dough. Fold in the pecans. Refrigerate the dough for 30 minutes to chill.', 'Using an ice cream scoop or spoon, scoop about 2 tablespoons of dough for each cookie onto the baking sheets, leaving a few inches between them. They will spread out as they bake.', 'Arrange the chocolate chunks on top of each mound of dough and press them down gently. Sprinkle with the Maldon salt and vanilla sugar. Bake until the edges are golden brown, but not burned, 15 to 20 minutes. Let cool on the baking sheets for about 5 minutes, then transfer them to a cooling rack for another 5 minutes.']","https://img.jamieoliver.com/jamieoliver/recipe-database/129244398.jpg?tr=w-800,h-1066",https://www.jamieoliver.com/recipes/chocolate-recipes/highly-sophisticated-chocolate-chip-cookies/
8,8.0,White chocolate & cranberry cookies,"['Makes 14                                                    \n\nCooks In35 minutes plus chilling                                                    \n\nDifficultySuper easy', 'Makes 14                                                    \n\nCooks In35 minutes plus chilling                                                    \n\nDifficultySuper easy', 'Makes 14', 'Cooks In35 minutes plus chilling', 'DifficultySuper easy']","['100 g unsalted butter', '85 g icing sugar', '1 vanilla pod , or ½ teaspoon vanilla paste, optional', '100 g self-raising flour', '30 g cornflour', '4 tablespoons rolled oats', '50 g white chocolate , roughly chopped', '50 g cranberries , (fresh, defrosted or rehydrated)']","['Beat the butter and icing sugar till pale. Halve the vanilla pod lengthways (if using), scrape out the seeds and add to the butter.', 'Combine the flour, cornflour and oats, then add to the butter. Mix in the chocolate and berries, then shape the dough into a roll. Wrap in clingfilm and refrigerate for at least 1 hour. Preheat the oven to 180ºC/gas 4.', 'Slice the dough into 1cm rounds, place on a baking tray lined with greaseproof paper and bake for 12 to 15 minutes, until light golden brown, but soft to the touch.', 'Carefully transfer the cookies onto a cooling rack and allow to cool and crisp a little before eating.']","https://img.jamieoliver.com/jamieoliver/recipe-database/EjyfIPnpKyb8TPE8huVvtg.jpg?tr=w-800,h-1066",https://www.jamieoliver.com/recipes/chocolate-recipes/white-chocolate-amp-cranberry-cookies/
9,9.0,Jools’ easy oaty fruit cookies,"['“A really delicious, simple, comforting cookie – porridge oats are a high-fibre carbohydrate, which means they’ll keep you feeling fuller for longer. Feel free to use whichever dried fruit you like in the mix – things like prunes, apricots, sour cherries and blueberries all work well.  ”', 'Makes 24                                                    \n\nCooks In25 minutes                                                    \n\nDifficultySuper easy', 'Makes 24                                                    \n\nCooks In25 minutes                                                    \n\nDifficultySuper easy', 'Makes 24', 'Cooks In25 minutes', 'DifficultySuper easy']","['100 g spelt or wholemeal flour', '1 teaspoon ground mixed spice', '½ teaspoon bicarbonate of soda', '250 g porridge oats', '100 g raisins, sultanas or whichever dried fruit you like', '25 g mixed seeds , such as pumpkin, sunflower, flaxseed, sesame', '100 g unsalted butter , (at room temperature)', '50 g golden caster sugar', '50 g soft brown sugar', '1 large free-range egg']","['Preheat the oven to 180ºC/350ºF/gas 5 and line 2 large baking trays with greaseproof paper.', 'Tip the flour, mixed spice, bicarbonate of soda, oats, dried fruit (roughly chop up any bigger pieces of fruit first) and seeds into a large bowl and mix together well.', 'In another large bowl, cream the soft butter and sugars together until light and fluffy. Crack in the egg and beat to combine.', 'Tip in all the dry ingredients and stir together – it should come together, but you might need to squelch it together with your hands to get everything properly combined.', 'At this stage, the mixture will be sticky, but if you wet your hands, you will be able to it roll into walnut-sized balls – you should get around 24 in total. As you roll them, place them onto the lined baking trays, squashing them down a little with the palm of your hand.', 'Bake in the oven for 8 to 10 minutes, or until lightly golden and slightly soft in middle.', 'Once cooked, remove from the oven and when cool enough to handle transfer them to wire racks to cool a little – they’re delicious warm, but equally good cold. Keep in an air-tight container for up to 5 days.']","https://img.jamieoliver.com/jamieoliver/recipe-database/APk6HVaN4aWAX389u30_zP.jpg?tr=w-800,h-1066",https://www.jamieoliver.com/recipes/fruit-recipes/jools-easy-oaty-fruit-cookies/
10,10.0,Devil's double choc malt cookies,"['“I was very young when the realisation of the joy of the cookie hit me. I’ve never really met anyone that doesn’t like a freshly baked cookie, and if anything, since I was a kid it’s just become easier to get pre-made commercial, average, frankly boring cookies. So for me, baking your own is the only way to pass that perfection down the family to the next generation. The problem is, what flavour to choose – there’s so many. Well, I’ve made it easy for you – this, in my view, is the best flavour combo. Bake these, and your face will hurt because you’ll be smiling, chewing and gurning for another one. ”', 'Makes 24                                                    \n\nCooks In40 minutes plus chilling                                                    \n\nDifficultySuper easy', 'Makes 24                                                    \n\nCooks In40 minutes plus chilling                                                    \n\nDifficultySuper easy', 'Makes 24', 'Cooks In40 minutes plus chilling', 'DifficultySuper easy']","['50 g unsalted butter', '200 g quality dark chocolate (70%)', '1 x 396 g tin of condensed milk', '25 g ground almonds', '2 heaped teaspoons Horlicks', '200 g self-raising flour', '100 g Maltesers', '50 g quality white chocolate']","['Melt the butter and chocolate in a pan on a low heat until smooth and combined, stirring occasionally.', 'Remove from the heat and stir in the condensed milk, followed by the almonds and Horlicks.', 'Sift in the flour and a pinch of sea salt, mix together, then chill in the fridge for 20 to 30 minutes (no longer).', 'Once cool, but still pliable, smash up the Maltesers and roughly chop the white chocolate, then mix it all together.', 'Preheat the oven to 170°C/325°F/gas 3.', 'Divide the mixture into 24 equal-sized balls and place on a couple of large baking trays lined with greaseproof paper.', 'Flatten each a little – like squashed golf balls (you can freeze them at this stage to bake another day if you like) – then bake for around 12 minutes, or until chewy in the middle and firm at the edges. Leave to sit in the tray for 5 minutes, then transfer to a wire rack to cool.', 'If you want to take these devilish cookies to another level, either sandwich 2 cookies with a good spoonful of your favourite ice cream, or even some homemade marshmallow, and squeeze… heaven, or simply drizzle all the cookies with melted chocolate while they cool… amazing!']","https://img.jamieoliver.com/jamieoliver/recipe-database/oldImages/large/1314_1_1436786134.jpg?tr=w-800,h-1066",https://www.jamieoliver.com/recipes/chocolate-recipes/devil-s-double-choc-malt-cookies/
11,11.0,Dairy-free chocolate & nut cookies,"['“An amazing cross between crunchy cookies and gooey brownies – you will love these. ”', 'Makes 20                                                    \n\nCooks In25 minutes plus cooling                                                    \n\nDifficultySuper easy', 'Makes 20                                                    \n\nCooks In25 minutes plus cooling                                                    \n\nDifficultySuper easy', 'Makes 20', 'Cooks In25 minutes plus cooling', 'DifficultySuper easy']","['150 g pecan nuts', '150 g hazelnuts', '400 g icing sugar', '100 g cocoa powder', '½ a teaspoon fine sea salt', '1 tablespoon vanilla paste', '4 large free-range eggs']","['Preheat the oven to 160ºC/325ºF/gas 3. Line two large baking trays with greaseproof paper.', 'Toast the nuts in a large frying pan over a medium heat for a few minutes, or until golden. Leave to cool, then roughly chop.', 'Sieve the icing sugar, cocoa powder and salt into a large bowl, then add the chopped nuts and vanilla paste.', 'In another bowl, separate the egg whites (save the yolks for another day), then whisk for 3 to 5 minutes, or until soft peaks form. Fold the egg whites into the dry mixture until combined.', 'Scoop ½ a tablespoon of the mixture onto one of the prepared trays, then repeat with the remaining mixture, making sure you leave a rough 4cm gap between each spoonful (you may need to do this in batches if your trays aren’t big enough).', 'Place in the hot oven for 10 to 15 minutes, or until crisp on the outside, but still slightly gooey in the middle.', 'Leave to cool for 5 minutes before transferring to a wire rack to cool completely.']","https://img.jamieoliver.com/jamieoliver/recipe-database/oldImages/large/1261_15_1436779070.jpg?tr=w-800,h-1066",https://www.jamieoliver.com/recipes/chocolate-recipes/dairy-free-chocolate-nut-cookies/
12,,Triple Chocolate Chunk Cookies,['Recipe Summary test      prep: 15 mins    cook: 10 mins    additional: 1 hr    total: 1 hr 25 mins     Servings: 12   Yield: 12 cookies     Nutrition Info'],"['¾ cup brown sugar', '½ cup unsalted butter, at room temperature', '½ cup white sugar', '1 teaspoon salt', '1 large egg', '1 teaspoon vanilla extract', '1\u2009½ cups all-purpose flour', '¾ teaspoon baking soda', '1 cup milk chocolate chips', '1 (3 ounce) bar dark chocolate, cut into chunks', '3 tablespoons white chocolate chips']","['Step 1   Combine brown sugar, butter, white sugar, and salt in a large bowl; beat with an electric mixer until a creamy, deep brown mixture forms. Add egg and vanilla; beat until mixture lightens and becomes smooth, 10 to 15 seconds.    Advertisement', 'Step 2   Mix flour and baking soda together in a separate bowl. Add slowly to the wet ingredients until mostly incorporated, but some white traces of flour remain. Fold in milk chocolate, dark chocolate, and white chocolate using a spatula, not the mixer. Cover the dough and refrigerate for at least 30 minutes, or up to 48 hours.', 'Step 3   Preheat the oven to 350 degrees F (175 degrees C) when ready to bake.', 'Step 4   Divide cold dough into 2 1/4-ounce portions and place on a cookie sheet.', 'Step 5   Bake in the preheated oven until the edges start to look golden brown and crispy, 10 to 12 minutes. Do not overbake; the centers will not look fully done. Cool until cookies are set, about 30 minutes.']",https://imagesvc.meredithcorp.io/v3/mm/image?url=https%3A%2F%2Fimages.media-allrecipes.com%2Fuserphotos%2F7910460.jpg,https://www.allrecipes.com/recipe/278882/triple-chocolate-chunk-cookies/
13,,Lacy Oatmeal Cookies,['Recipe Summary test      prep: 15 mins    cook: 10 mins    additional: 30 mins    total: 55 mins     Servings: 48   Yield: 4 dozen     Nutrition Info'],"['1 cup quick cooking oats', '¼ cup all-purpose flour', '½ teaspoon salt', '1\u2009½ teaspoons baking powder', '1 cup white sugar', '½ cup butter, softened', '1 egg', '1 teaspoon vanilla extract']","['Step 1   Preheat oven to 325 degrees F (165 degrees C). Cover baking sheets with foil, then coat the foil with a non-stick cooking spray.    Advertisement', 'Step 2   In a medium bowl, combine oats, flour, salt, and baking powder. In a large bowl, cream sugar and butter until fluffy. Beat in egg and vanilla. Mix in the flour and oat mixture until just combined. Drop dough by teaspoonfuls onto the prepared baking sheets, 2 1/2 inches apart.', 'Step 3   Bake at 325 degrees F (165 degrees C) for 10 to 12 minutes, or until edges turn golden. Cool, then peel cookies off with your fingers. Be sure to re-spray baking sheets with non-stick cooking spray between batches.']",https://imagesvc.meredithcorp.io/v3/mm/image?url=https%3A%2F%2Fimages.media-allrecipes.com%2Fuserphotos%2F5014139.jpg,https://www.allrecipes.com/recipe/11149/lacy-oatmeal-cookies/
14,,Ginger-Touched Oatmeal Peanut Butter Cookies,['Recipe Summary test       Servings: 12   Yield: 2 dozen     Nutrition Info'],"['½ cup butter', '½ cup shortening', '1 cup peanut butter', '1 cup packed brown sugar', '¾ cup white sugar', '2 eggs', '½ teaspoon vanilla extract', '1\u2009½ cups all-purpose flour', '2 teaspoons baking soda', '1 teaspoon salt', '1 teaspoon ground ginger', '1 cup rolled oats', '1 cup chopped crystallized ginger']","['Step 1   Preheat oven to 350 degrees F (175 degrees C).    Advertisement', 'Step 2   In a medium bowl, cream together the shortening, butter, brown sugar and white sugar. Beat in the eggs, peanut butter and vanilla. Combine the flour, baking soda, salt and ground ginger, stir into the creamed mixture. Finally, stir in the rolled oats and candied ginger. Drop by rounded teaspoonfuls onto an unprepared cookie sheet.', 'Step 3   Bake for 10 to 12 minutes in the preheated oven, until golden brown. Remove from the baking sheet to cool on wire racks. Store in an airtight container when cool.']",https://imagesvc.meredithcorp.io/v3/mm/image?url=https%3A%2F%2Fimages.media-allrecipes.com%2Fuserphotos%2F968595.jpg,https://www.allrecipes.com/recipe/15324/ginger-touched-oatmeal-peanut-butter-cookies/
15,,French Macarons,['Recipe Summary test      prep: 45 mins    cook: 18 mins    additional: 30 mins    total: 1 hr 33 mins     Servings: 24   Yield: 24 macarons     Nutrition Info'],"['3 extra-large egg whites', '⅓ cup white sugar', ""1\u2009⅔ cups confectioners' sugar"", '1 cup almond flour', '1 pinch salt', '½ cup butter, softened', ""⅔ cup confectioners' sugar"", '½ teaspoon vanilla extract']","['Step 1   Preheat oven to 300 degrees F (150 degrees C). Line a baking sheet with parchment paper.    Advertisement', 'Step 2   Beat egg whites in a glass, metal, or ceramic bowl with an electric mixer on medium speed until foamy, about 30 seconds. Add white sugar and continue to beat until peaks are stiff enough they stay in place when the bowl is turned upside down, about 5 minutes.', ""Step 3   Sift 1 2/3 cup confectioners' sugar, almond flour, and salt together twice. Fold into the egg whites until batter is creamy and falls slowly off the lifted spatula, about 50 turns with a spatula. Transfer batter to a piping bag fitted with a round tip."", 'Step 4   Pipe batter onto the parchment paper, using a circular motion to make macarons 1 inch in diameter. Tap the baking sheet against the counter about 10 times to release any air bubbles.', 'Step 5   Bake in the preheated oven for 9 minutes. Rotate baking sheet and continue baking until macarons are shiny and rise slightly to form ""feet"", about 9 minutes more. Peel off the parchment paper and allow to cool completely, about 30 minutes.', ""Step 6   Beat butter, 2/3 cup confectioners' sugar, and vanilla extract with an electric mixer until creamy and thick, about 10 minutes. Transfer filling to a piping bag fitted with a round tip."", 'Step 7   Pipe a small amount of filling onto the center of 1 macaron; top with another macaron and press gently to sandwich the filling between the two.']",https://imagesvc.meredithcorp.io/v3/mm/image?url=https%3A%2F%2Fimages.media-allrecipes.com%2Fuserphotos%2F7951812.jpg,https://www.allrecipes.com/recipe/246328/french-macarons/
16,,Salted Chocolate Cookies,['Recipe Summary test      prep: 10 mins    cook: 20 mins    additional: 20 mins    total: 50 mins     Servings: 12   Yield: 12 cookies     Nutrition Info'],"['nonstick cooking spray', '1 cup all-purpose flour', '¼ cup unsweetened cocoa powder', '1 teaspoon baking powder', '½ teaspoon sea salt', '½ cup butter, cut into chunks', '¾ cup semisweet chocolate chips', '⅔ cup brown sugar', '½ cup white sugar', '2 eggs', '1 teaspoon vanilla extract', '1 tablespoon sea salt, or as needed']","['Step 1   Preheat the oven to 350 degrees F (175 degrees C). Line 2 large baking sheets with parchment paper and spray with cooking spray.    Advertisement', 'Step 2   Combine flour, cocoa powder, baking powder and 1/2 teaspoon sea salt in a bowl.', 'Step 3   Place butter in a saucepan over low heat and cook until melted, 3 to 5 minutes. Add chocolate chips and stir until completely melted. Remove from the heat.', ""Step 4   Combine brown sugar, white sugar, eggs, and vanilla extract in a bowl and beat with an electric mixer until creamy. Pour a small amount of the chocolate mixture into the egg mixture and stir until well combined. Slowly add remaining chocolate mixture, stirring constantly so the eggs don't curdle. Fold in the flour mixture until just combined. Do not overmix."", 'Step 5   Drop 6 large scoops of batter about 2 inches apart onto each of the prepared baking sheets.', 'Step 6   Bake in the preheated oven until cookies have spread and flattened to a diameter of 4 1/2 inches or larger, and the tops are crinkled and puffed, 12 to 14 minutes. Immediately sprinkle with sea salt.', 'Step 7   Place baking sheets on a wire rack and cool for 18 to 20 minutes. Remove cookies with a spatula onto serving platter.']",https://imagesvc.meredithcorp.io/v3/mm/image?url=https%3A%2F%2Fimages.media-allrecipes.com%2Fuserphotos%2F7521860.jpg,https://www.allrecipes.com/recipe/277919/salted-chocolate-cookies/
17,,Gluten-Free Magic Cookie Bars,['Recipe Summary test      prep: 10 mins    cook: 25 mins    total: 35 mins     Servings: 16   Yield: 1 8x11-inch dish     Nutrition Info'],"['2 cups gluten-free graham cracker crumbs', '½ cup butter, melted', '1 (14 ounce) can sweetened condensed milk', '1 (12 ounce) bag semisweet chocolate chips', '1 cup shredded coconut', '½ cup chopped pecans']","['Step 1   Preheat the oven to 350 degrees F (175 degrees C).    Advertisement', 'Step 2   Mix graham cracker crumbs and melted butter together in a bowl; press into an 8x11-inch glass casserole dish. Pour condensed milk evenly over the crust. Sprinkle chocolate chips, coconut, and pecans evenly on top and press down.', 'Step 3   Bake in the preheated oven until edges are golden, 25 to 30 minutes. Let cool before cutting.']",https://imagesvc.meredithcorp.io/v3/mm/image?url=https%3A%2F%2Fimages.media-allrecipes.com%2Fuserphotos%2F356281.jpg,https://www.allrecipes.com/recipe/261865/gluten-free-magic-cookie-bars/
18,,Gina's Italian Butter Cookies,['Recipe Summary test      prep: 20 mins    cook: 20 mins    additional: 5 mins    total: 45 mins     Servings: 48   Yield: 48 cookies     Nutrition Info'],"['2\u2009¼ cups cake flour', '1\u2009½ cups all-purpose flour', '1\u2009¼ teaspoons baking powder', '1 teaspoon salt', '1 cup unsalted butter, softened', '1 cup white sugar', '½ cup vegetable shortening', '4 ounces almond paste', '2 large eggs', '2 teaspoons vanilla extract', '1 teaspoon lemon juice', '¼ teaspoon almond extract']","['Step 1   Preheat the oven to 350 degrees F (175 degrees C).    Advertisement', 'Step 2   Combine cake flour, all-purpose flour, baking powder, and salt in a medium bowl.', 'Step 3   Combine butter, sugar, and shortening in a large bowl; cream with an electric mixer on medium speed until light and fluffy. Mix in almond paste until thoroughly combined. Add eggs, vanilla extract, lemon juice, and almond extract. Reduce the mixing speed to low and slowly add dry ingredients. Scrape down the bowl once all dry ingredients are added, then mix on medium speed until evenly combined, about 30 seconds.', 'Step 4   Fit a large pastry bag with an 864 or 4S tip and fill bag with batter. Pipe evenly sized cookies onto an ungreased cookie sheet 1 1/2 to 2 inches apart, giving cookies space to puff slightly during baking.', 'Step 5   Bake in the preheated oven, in batches if necessary, until bottom edges are slightly browned, 8 to 10 minutes. Cool on the baking sheet for 5 minutes before removing to a wire rack to cool completely.']",https://imagesvc.meredithcorp.io/v3/mm/image?url=https%3A%2F%2Fimages.media-allrecipes.com%2Fuserphotos%2F2061923.jpg,https://www.allrecipes.com/recipe/279153/ginas-italian-butter-cookies/
19,,Sugar Cookie Icing,"[""Recipe Summary test       Servings: 12   Yield: 1 dozen cookies' worth     Nutrition Info""]","[""1 cup confectioners' sugar"", '2 teaspoons milk', '2 teaspoons light corn syrup', '¼ teaspoon almond extract', 'assorted food coloring']","[""Step 1   In a small bowl, stir together confectioners' sugar and milk until smooth. Beat in corn syrup and almond extract until icing is smooth and glossy. If icing is too thick, add more corn syrup.    Advertisement"", 'Step 2   Divide into separate bowls, and add food colorings to each to desired intensity. Dip cookies, or paint them with a brush.']",https://imagesvc.meredithcorp.io/v3/mm/image?url=https%3A%2F%2Fimages.media-allrecipes.com%2Fuserphotos%2F5904681.jpg,https://www.allrecipes.com/recipe/11587/sugar-cookie-icing/
20,,"Easy, Chewy Flourless Peanut Butter Cookies",['Recipe Summary test      prep: 10 mins    cook: 10 mins    total: 20 mins     Servings: 12   Yield: 12 to 16 cookies     Nutrition Info'],"['1 cup peanut butter', '½ cup white sugar', '⅓ cup packed brown sugar', '1 egg', '1 teaspoon vanilla extract', '½ teaspoon baking soda', '½ cup semisweet chocolate chips (Optional)']","['Step 1   Preheat oven to 350 degrees F (175 degrees C).    Advertisement', 'Step 2   Beat peanut butter, white sugar, and brown sugar together in a large bowl with an electric mixer until smooth. Stir egg, vanilla extract, and baking soda into peanut butter mixture; stir in chocolate chips.', 'Step 3   Drop mixture by small rounded spoonfuls onto a baking sheet about 2 inches apart.', 'Step 4   Bake in the preheated oven until cookies are flattened and golden, about 8 minutes.']",https://imagesvc.meredithcorp.io/v3/mm/image?url=https%3A%2F%2Fimages.media-allrecipes.com%2Fuserphotos%2F2271991.jpg,https://www.allrecipes.com/recipe/242366/easy-chewy-flourless-peanut-butter-cookies/
21,,Chef John's Almond Biscotti,['Recipe Summary test      prep: 15 mins    cook: 1 hr    additional: 45 mins    total: 2 hrs     Servings: 15   Yield: 30 biscotti     Nutrition Info'],"['2 cups all-purpose flour', '1 teaspoon baking powder', '¼ teaspoon fine salt', '3 tablespoons unsalted butter, room temperature', '1 cup white sugar', '1 tablespoon white sugar', '1 tablespoon olive oil', '2 large eggs', '¼ teaspoon vanilla extract', '¾ teaspoon almond extract', '½ cup whole roasted almonds', '½ cup chopped roasted almonds']","['Step 1   Whisk flour, baking powder, and salt together in a mixing bowl.    Advertisement', 'Step 2   Place butter, 1 cup plus 1 tablespoon sugar, olive oil in a separate mixing bowl. Mix together thoroughly until mixture has a creamy texture. Add 1 egg; mix into butter/sugar mixture. Whisk in 2nd egg, vanilla extract, and almond extract; whisk until smooth. Add flour mixture. Mix until flour is incorporated. Add whole almonds and chopped almonds; mix in evenly. Cover bowl with plastic wrap; refrigerate 30 minutes.', 'Step 3   Preheat oven to 350 degrees F (175 degrees C). Line a rimmed baking sheet with a silicone mat.', 'Step 4   Divide dough in half. Place each half on a length of plastic wrap and shape into a log. Wrap with the plastic wrap and press into a shape about 3 or 4 inches wide and about 1/2 inch high. Transfer both pieces to prepared baking sheet leaving about 3 or 4 inches of space between them to allow for spreading.', 'Step 5   Bake in center of preheated oven until turning golden and a toothpick inserted into the center comes out clean, about 30 minutes. Let cool 15 minutes before slicing.', 'Step 6   Reduce oven temperature to 325 degrees F (165 degrees C).', 'Step 7   Cut each piece at a slight angle into 1/2- to 1 -inch thick slices with a serrated knife. Transfer pieces back to baking sheet in a single layer. Bake 12 minutes; remove from oven and flip pieces over. Return pan to oven and bake until biscotti are golden brown and crunchy, about 20 minutes.', 'Step 8   Transfer biscotti to a cooling rack; let cool to room temperature.']",https://imagesvc.meredithcorp.io/v3/mm/image?url=https%3A%2F%2Fimages.media-allrecipes.com%2Fuserphotos%2F6108944.jpg,https://www.allrecipes.com/recipe/260575/chef-johns-almond-biscotti/
22,,Oatmeal Peanut Butter Bars,['Recipe Summary test       Servings: 32   Yield: 32 bars     Nutrition Info'],"['1 cup peanut butter', '½ cup packed brown sugar', '½ cup corn syrup', '⅓ cup butter', '2 teaspoons vanilla extract', '3\u2009⅓ cups rolled oats', '½ cup flaked coconut', '½ cup sunflower seeds', '½ cup raisins', '½ cup semisweet chocolate chips']","['Step 1   Preheat oven to 350 degrees F (175 degrees C).    Advertisement', 'Step 2   In a large bowl stir together the peanut butter, the butter or margarine, the brown sugar, the syrup and the vanilla until smooth.', 'Step 3   Add all the other ingredients. Stir well.', 'Step 4   Press the mixture into 13 x 9 inch greased pan. Bake for 20-25 minutes. Let cool on wire rack before cutting into bars.']",https://imagesvc.meredithcorp.io/v3/mm/image?url=https%3A%2F%2Fimages.media-allrecipes.com%2Fuserphotos%2F721347.jpg,https://www.allrecipes.com/recipe/10661/oatmeal-peanut-butter-bars/
23,,Best Chocolate Chip Cookies,['Recipe Summary test      prep: 20 mins    cook: 10 mins    additional: 30 mins    total: 1 hr     Servings: 24   Yield: 4 dozen     Nutrition Info'],"['1 cup butter, softened', '1 cup white sugar', '1 cup packed brown sugar', '2 eggs', '2 teaspoons vanilla extract', '1 teaspoon baking soda', '2 teaspoons hot water', '½ teaspoon salt', '3 cups all-purpose flour', '2 cups semisweet chocolate chips', '1 cup chopped walnuts']","['Step 1   Preheat oven to 350 degrees F (175 degrees C).    Advertisement', 'Step 2   Cream together the butter, white sugar, and brown sugar until smooth. Beat in the eggs one at a time, then stir in the vanilla. Dissolve baking soda in hot water. Add to batter along with salt. Stir in flour, chocolate chips, and nuts. Drop by large spoonfuls onto ungreased pans.', 'Step 3   Bake for about 10 minutes in the preheated oven, or until edges are nicely browned.']",https://imagesvc.meredithcorp.io/v3/mm/image?url=https%3A%2F%2Fimages.media-allrecipes.com%2Fuserphotos%2F9395978.jpg,https://www.allrecipes.com/recipe/10813/best-chocolate-chip-cookies/
24,,Easy Sugar Cookies,['Recipe Summary test       Servings: 48   Yield: 4 dozen     Nutrition Info'],"['2\u2009¾ cups all-purpose flour', '1 teaspoon baking soda', '½ teaspoon baking powder', '1 cup butter, softened', '1\u2009½ cups white sugar', '1 egg', '1 teaspoon vanilla extract']","['Step 1   Preheat oven to 375 degrees F (190 degrees C). In a small bowl, stir together flour, baking soda, and baking powder. Set aside.    Advertisement', 'Step 2   In a large bowl, cream together the butter and sugar until smooth. Beat in egg and vanilla. Gradually blend in the dry ingredients. Roll rounded teaspoonfuls of dough into balls, and place onto ungreased cookie sheets.', 'Step 3   Bake 8 to 10 minutes in the preheated oven, or until golden. Let stand on cookie sheet two minutes before removing to cool on wire racks.']",https://imagesvc.meredithcorp.io/v3/mm/image?url=https%3A%2F%2Fimages.media-allrecipes.com%2Fuserphotos%2F6306200.jpg,https://www.allrecipes.com/recipe/9870/easy-sugar-cookies/
25,,Classic Peanut Butter Cookies,['Recipe Summary test      prep: 15 mins    cook: 10 mins    additional: 1 hr    total: 1 hr 25 mins     Servings: 24   Yield: 4 dozen     Nutrition Info'],"['1 cup unsalted butter', '1 cup crunchy peanut butter', '1 cup white sugar', '1 cup packed brown sugar', '2 large eggs eggs', '2\u2009½ cups all-purpose flour', '1 teaspoon baking powder', '½ teaspoon salt', '1\u2009½ teaspoons baking soda']","['Step 1   Cream butter, peanut butter, and sugars together in a bowl; beat in eggs.    Advertisement', 'Step 2   In a separate bowl, sift flour, baking powder, baking soda, and salt; stir into butter mixture. Put dough in refrigerator for 1 hour.', 'Step 3   Roll dough into 1 inch balls and put on baking sheets. Flatten each ball with a fork, making a crisscross pattern. Bake in a preheated 375 degrees F oven for about 10 minutes or until cookies begin to brown.']",https://imagesvc.meredithcorp.io/v3/mm/image?url=https%3A%2F%2Fimages.media-allrecipes.com%2Fuserphotos%2F9398137.jpg,https://www.allrecipes.com/recipe/10275/classic-peanut-butter-cookies/
26,,Best Brownies,['Recipe Summary test       Servings: 16   Yield: 16 brownies     Nutrition Info'],"['½ cup butter', '1 cup white sugar', '2 eggs', '1 teaspoon vanilla extract', '⅓ cup unsweetened cocoa powder', '½ cup all-purpose flour', '¼ teaspoon salt', '¼ teaspoon baking powder', '3 tablespoons butter, softened', '3 tablespoons unsweetened cocoa powder', '1 tablespoon honey', '1 teaspoon vanilla extract', ""1 cup confectioners' sugar""]","['Step 1   Preheat oven to 350 degrees F (175 degrees C). Grease and flour an 8-inch square pan.    Advertisement', 'Step 2   In a large saucepan, melt 1/2 cup butter. Remove from heat, and stir in sugar, eggs, and 1 teaspoon vanilla. Beat in 1/3 cup cocoa, 1/2 cup flour, salt, and baking powder. Spread batter into prepared pan.', 'Step 3   Bake in preheated oven for 25 to 30 minutes. Do not overcook.', ""Step 4   To Make Frosting: Combine 3 tablespoons softened butter, 3 tablespoons cocoa, honey, 1 teaspoon vanilla extract, and 1 cup confectioners' sugar. Stir until smooth. Frost brownies while they are still warm.""]",https://imagesvc.meredithcorp.io/v3/mm/image?url=https%3A%2F%2Fimages.media-allrecipes.com%2Fuserphotos%2F5880086.jpg,https://www.allrecipes.com/recipe/10549/best-brownies/
27,,Soft Oatmeal Cookies,['Recipe Summary test      prep: 15 mins    cook: 10 mins    additional: 1 hr 35 mins    total: 2 hrs     Servings: 24   Yield: 2 dozen     Nutrition Info'],"['1 cup butter, softened', '1 cup white sugar', '1 cup packed brown sugar', '2 eggs', '1 teaspoon vanilla extract', '2 cups all-purpose flour', '1 teaspoon baking soda', '1 teaspoon salt', '1\u2009½ teaspoons ground cinnamon', '3 cups quick cooking oats']","['Step 1   In a medium bowl, cream together butter, white sugar, and brown sugar. Beat in eggs one at a time, then stir in vanilla. Combine flour, baking soda, salt, and cinnamon; stir into the creamed mixture. Mix in oats. Cover, and chill dough for at least one hour.    Advertisement', 'Step 2   Preheat the oven to 375 degrees F (190 degrees C). Grease cookie sheets. Roll the dough into walnut sized balls, and place 2 inches apart on cookie sheets. Flatten each cookie with a large fork dipped in sugar.', 'Step 3   Bake for 8 to 10 minutes in preheated oven. Allow cookies to cool on baking sheet for 5 minutes before transferring to a wire rack to cool completely.']",https://imagesvc.meredithcorp.io/v3/mm/image?url=https%3A%2F%2Fimages.media-allrecipes.com%2Fuserphotos%2F6027984.jpg,https://www.allrecipes.com/recipe/19247/soft-oatmeal-cookies/
28,,Three Ingredient Peanut Butter Cookies,['Recipe Summary test       Servings: 6   Yield: 1 dozen     Nutrition Info'],"['1 cup peanut butter', '1 cup white sugar', '1 egg']","['Step 1   Preheat oven to 350 degrees F (175 degrees C). Line baking sheets with parchment paper.    Advertisement', 'Step 2   Combine the peanut butter, white sugar and egg. Mix until smooth.', 'Step 3   Drop spoonfuls of dough onto the prepared baking sheet. Bake at 350 degrees F (175 degrees C) for 6 to 8 minutes. Do not overbake! These cookies are best when they are still soft and just barely brown on the bottoms.']",https://imagesvc.meredithcorp.io/v3/mm/image?url=https%3A%2F%2Fimages.media-allrecipes.com%2Fuserphotos%2F5955999.jpg,https://www.allrecipes.com/recipe/11352/three-ingredient-peanut-butter-cookies/
29,,"Best Big, Fat, Chewy Chocolate Chip Cookie",['Recipe Summary test      prep: 10 mins    cook: 15 mins    additional: 15 mins    total: 40 mins     Servings: 18   Yield: 1 1/2 dozen     Nutrition Info'],"['2 cups all-purpose flour', '½ teaspoon baking soda', '½ teaspoon salt', '¾ cup unsalted butter, melted', '1 cup packed brown sugar', '½ cup white sugar', '1 tablespoon vanilla extract', '1 egg', '1 egg yolk', '2 cups semisweet chocolate chips']","['Step 1   Preheat the oven to 325 degrees F (165 degrees C). Grease cookie sheets or line with parchment paper.    Advertisement', 'Step 2   Sift together the flour, baking soda and salt; set aside.', 'Step 3   In a medium bowl, cream together the melted butter, brown sugar and white sugar until well blended. Beat in the vanilla, egg, and egg yolk until light and creamy. Mix in the sifted ingredients until just blended. Stir in the chocolate chips by hand using a wooden spoon. Drop cookie dough 1/4 cup at a time onto the prepared cookie sheets. Cookies should be about 3 inches apart.', 'Step 4   Bake for 15 to 17 minutes in the preheated oven, or until the edges are lightly toasted. Cool on baking sheets for a few minutes before transferring to wire racks to cool completely.']",https://imagesvc.meredithcorp.io/v3/mm/image?url=https%3A%2F%2Fimages.media-allrecipes.com%2Fuserphotos%2F9399481.jpg,https://www.allrecipes.com/recipe/25037/best-big-fat-chewy-chocolate-chip-cookie/
30,,Quick and Easy Brownies,['Recipe Summary test      prep: 15 mins    cook: 20 mins    total: 35 mins     Servings: 20   Yield: 20 bars     Nutrition Info'],"['1 cup butter, melted', '2 cups white sugar', '½ cup cocoa powder', '1 teaspoon vanilla extract', '4 eggs', '1\u2009½ cups all-purpose flour', '½ teaspoon baking powder', '½ teaspoon salt', '½ cup walnut halves']","['Step 1   Preheat the oven to 350 degrees F (175 degrees C). Grease a 9x13-inch pan.    Advertisement', 'Step 2   Combine the melted butter, sugar, cocoa powder, vanilla, eggs, flour, baking powder, and salt. Spread the batter into the prepared pan. Decorate with walnut halves, if desired.', 'Step 3   Bake in preheated oven for 20 to 30 minutes or until a toothpick inserted in the center comes out with crumbs, not wet. Cool on wire rack.']",https://imagesvc.meredithcorp.io/v3/mm/image?url=https%3A%2F%2Fimages.media-allrecipes.com%2Fuserphotos%2F2335827.jpg,https://www.allrecipes.com/recipe/9599/quick-and-easy-brownies/
31,,The Best Lemon Bars,['Recipe Summary test      prep: 15 mins    cook: 40 mins    total: 55 mins     Servings: 36   Yield: 1 - 9x13 inch pan     Nutrition Info'],"['1 cup butter, softened', '½ cup white sugar', '2 cups all-purpose flour', '4 eggs', '1\u2009½ cups white sugar', '¼ cup all-purpose flour', '2 lemons, juiced']","['Step 1   Preheat oven to 350 degrees F (175 degrees C).    Advertisement', 'Step 2   In a medium bowl, blend together softened butter, 2 cups flour and 1/2 cup sugar. Press into the bottom of an ungreased 9x13 inch pan.', 'Step 3   Bake for 15 to 20 minutes in the preheated oven, or until firm and golden. In another bowl, whisk together the remaining 1 1/2 cups sugar and 1/4 cup flour. Whisk in the eggs and lemon juice. Pour over the baked crust.', 'Step 4   Bake for an additional 20 minutes in the preheated oven. The bars will firm up as they cool. For a festive tray, make another pan using limes instead of lemons and adding a drop of green food coloring to give a very pale green. After both pans have cooled, cut into uniform 2 inch squares and arrange in a checker board fashion.']",https://imagesvc.meredithcorp.io/v3/mm/image?url=https%3A%2F%2Fimages.media-allrecipes.com%2Fuserphotos%2F6052342.jpg,https://www.allrecipes.com/recipe/10294/the-best-lemon-bars/
32,,The Best Rolled Sugar Cookies,['Recipe Summary test       Servings: 60   Yield: 5 dozen     Nutrition Info'],"['1\u2009½ cups butter, softened', '2 cups white sugar', '4 eggs', '1 teaspoon vanilla extract', '5 cups all-purpose flour', '2 teaspoons baking powder', '1 teaspoon salt']","['Step 1   In a large bowl, cream together butter and sugar until smooth. Beat in eggs and vanilla. Stir in the flour, baking powder, and salt. Cover, and chill dough for at least one hour (or overnight).    Advertisement', 'Step 2   Preheat oven to 400 degrees F (200 degrees C). Roll out dough on floured surface 1/4 to 1/2 inch thick. Cut into shapes with any cookie cutter. Place cookies 1 inch apart on ungreased cookie sheets.', 'Step 3   Bake 6 to 8 minutes in preheated oven. Cool completely.']",https://imagesvc.meredithcorp.io/v3/mm/image?url=https%3A%2F%2Fimages.media-allrecipes.com%2Fuserphotos%2F5888810.jpg,https://www.allrecipes.com/recipe/10402/the-best-rolled-sugar-cookies/
33,,Chewy Chocolate Chip Oatmeal Cookies,['Recipe Summary test      prep: 15 mins    cook: 12 mins    additional: 28 mins    total: 55 mins     Servings: 42   Yield: 3 1/2 dozen     Nutrition Info'],"['1 cup butter, softened', '1 cup packed light brown sugar', '½ cup white sugar', '2 eggs', '2 teaspoons vanilla extract', '1\u2009¼ cups all-purpose flour', '½ teaspoon baking soda', '1 teaspoon salt', '3 cups quick-cooking oats', '1 cup chopped walnuts', '1 cup semisweet chocolate chips']","['Step 1   Preheat the oven to 325 degrees F (165 degrees C).    Advertisement', 'Step 2   In a large bowl, cream together the butter, brown sugar, and white sugar until smooth. Beat in eggs one at a time, then stir in vanilla. Combine the flour, baking soda, and salt; stir into the creamed mixture until just blended. Mix in the quick oats, walnuts, and chocolate chips. Drop by heaping spoonfuls onto ungreased baking sheets.', 'Step 3   Bake for 12 minutes in the preheated oven. Allow cookies to cool on baking sheet for 5 minutes before transferring to a wire rack to cool completely.']",https://imagesvc.meredithcorp.io/v3/mm/image?url=https%3A%2F%2Fimages.media-allrecipes.com%2Fuserphotos%2F6042177.jpg,https://www.allrecipes.com/recipe/24445/chewy-chocolate-chip-oatmeal-cookies/
34,,Big Soft Ginger Cookies,['Recipe Summary test      prep: 15 mins    cook: 10 mins    additional: 25 mins    total: 50 mins     Servings: 24   Yield: 2 dozen     Nutrition Info'],"['2\u2009¼ cups all-purpose flour', '2 teaspoons ground ginger', '1 teaspoon baking soda', '¾ teaspoon ground cinnamon', '½ teaspoon ground cloves', '¼ teaspoon salt', '¾ cup margarine, softened', '1 cup white sugar', '1 egg', '1 tablespoon water', '¼ cup molasses', '2 tablespoons white sugar']","['Step 1   Preheat oven to 350 degrees F (175 degrees C). Sift together the flour, ginger, baking soda, cinnamon, cloves, and salt. Set aside.    Advertisement', 'Step 2   In a large bowl, cream together the margarine and 1 cup sugar until light and fluffy. Beat in the egg, then stir in the water and molasses. Gradually stir the sifted ingredients into the molasses mixture. Shape dough into walnut sized balls, and roll them in the remaining 2 tablespoons of sugar. Place the cookies 2 inches apart onto an ungreased cookie sheet, and flatten slightly.', 'Step 3   Bake for 8 to 10 minutes in the preheated oven. Allow cookies to cool on baking sheet for 5 minutes before removing to a wire rack to cool completely. Store in an airtight container.']",https://imagesvc.meredithcorp.io/v3/mm/image?url=https%3A%2F%2Fimages.media-allrecipes.com%2Fuserphotos%2F6112425.jpg,https://www.allrecipes.com/recipe/17165/big-soft-ginger-cookies/
35,,No Bake Cookies I,['Recipe Summary test      prep: 10 mins    additional: 35 mins    total: 45 mins     Servings: 36   Yield: 3 dozen     Nutrition Info'],"['1\u2009¾ cups white sugar', '½ cup milk', '½ cup butter', '4 tablespoons unsweetened cocoa powder', '½ cup crunchy peanut butter', '3 cups quick-cooking oats', '1 teaspoon vanilla extract']","['Step 1   In a medium saucepan, combine sugar, milk, butter, and cocoa. Bring to a boil, and cook for 1 1/2 minutes. Remove from heat, and stir in peanut butter, oats, and vanilla. Drop by teaspoonfuls onto wax paper. Let cool until hardened.    Advertisement']",https://imagesvc.meredithcorp.io/v3/mm/image?url=https%3A%2F%2Fimages.media-allrecipes.com%2Fuserphotos%2F6452232.jpg,https://www.allrecipes.com/recipe/9832/no-bake-cookies-i/
36,,Mrs. Sigg's Snickerdoodles,['Recipe Summary test      prep: 20 mins    cook: 10 mins    additional: 30 mins    total: 1 hr     Servings: 48   Yield: 4 dozen     Nutrition Info'],"['½ cup butter, softened', '½ cup shortening', '1\u2009½ cups white sugar', '2 eggs', '2 teaspoons vanilla extract', '2\u2009¾ cups all-purpose flour', '2 teaspoons cream of tartar', '1 teaspoon baking soda', '¼ teaspoon salt', '2 tablespoons white sugar', '2 teaspoons ground cinnamon']","['Step 1   Preheat oven to 400 degrees F (200 degrees C).    Advertisement', 'Step 2   Cream together butter, shortening, 1 1/2 cups sugar, eggs, and vanilla. Blend in flour, cream of tartar, soda, and salt. Shape dough by rounded spoonfuls into balls.', 'Step 3   Mix 2 tablespoons sugar and cinnamon together. Roll balls of dough in mixture. Place 2 inches apart on ungreased baking sheets.', 'Step 4   Bake 8 to 10 minutes, or until set but not too hard. Remove immediately from baking sheets.']",https://imagesvc.meredithcorp.io/v3/mm/image?url=https%3A%2F%2Fimages.media-allrecipes.com%2Fuserphotos%2F5950900.jpg,https://www.allrecipes.com/recipe/10687/mrs-siggs-snickerdoodles/
37,,Chocolate Crinkles II,['Recipe Summary test      prep: 20 mins    cook: 12 mins    additional: 4 hrs 28 mins    total: 5 hrs     Servings: 72   Yield: 6 dozen     Nutrition Info'],"['1 cup unsweetened cocoa powder', '2 cups white sugar', '½ cup vegetable oil', '4 eggs', '2 teaspoons vanilla extract', '2 cups all-purpose flour', '2 teaspoons baking powder', '½ teaspoon salt', ""½ cup confectioners' sugar""]","['Step 1   In a medium bowl, mix together cocoa, white sugar, and vegetable oil. Beat in eggs one at a time, then stir in the vanilla. Combine the flour, baking powder, and salt; stir into the cocoa mixture. Cover dough, and chill for at least 4 hours.    Advertisement', ""Step 2   Preheat oven to 350 degrees F (175 degrees C). Line cookie sheets with parchment paper. Roll dough into one inch balls. I like to use a number 50 size scoop. Coat each ball in confectioners' sugar before placing onto prepared cookie sheets."", 'Step 3   Bake in preheated oven for 10 to 12 minutes. Let stand on the cookie sheet for a minute before transferring to wire racks to cool.']",https://imagesvc.meredithcorp.io/v3/mm/image?url=https%3A%2F%2Fimages.media-allrecipes.com%2Fuserphotos%2F6456236.jpg,https://www.allrecipes.com/recipe/9861/chocolate-crinkles-ii/
38,,Edible Cookie Dough,['Recipe Summary test      prep: 10 mins    total: 10 mins     Servings: 8   Yield: 8 servings     Nutrition Info'],"['¾ cup packed brown sugar', '½ cup butter', '1 teaspoon vanilla extract', '½ teaspoon salt', '1 cup all-purpose flour', '2 tablespoons milk', '½ cup milk chocolate chips', '½ cup mini chocolate chips']",['Step 1   Combine brown sugar and butter in a large bowl; beat with an electric mixer until creamy. Beat in vanilla extract and salt. Add flour; mix until a crumbly dough forms. Mix in milk. Fold in milk chocolate chips and mini chocolate chips.    Advertisement'],https://imagesvc.meredithcorp.io/v3/mm/image?url=https%3A%2F%2Fimages.media-allrecipes.com%2Fuserphotos%2F8753462.jpg,https://www.allrecipes.com/recipe/255365/edible-cookie-dough/
39,,Magic Cookie Bars from EAGLE BRAND®,['Recipe Summary test       Servings: 36   Yield: 36 bars     Nutrition Info'],"['½ cup butter or margarine, melted', '1\u2009½ cups graham cracker crumbs', '1 (14 ounce) can EAGLE BRAND® Sweetened Condensed Milk', '2 cups semisweet chocolate morsels', '1\u2009⅓ cups flaked coconut', '1 cup chopped nuts']","['Step 1   Heat oven to 350 degrees F (325 degrees for glass dish). Coat 13x9-inch baking pan with no-stick cooking spray.    Advertisement', 'Step 2   Combine graham cracker crumbs and butter. Press into bottom of prepared pan. Pour sweetened condensed milk evenly over crumb mixture. Layer evenly with chocolate chips, coconut and nuts. Press down firmly with a fork.', 'Step 3   Bake 25 minutes or until lightly browned. Cool. Cut into bars or diamonds. Store covered at room temperature.']",https://imagesvc.meredithcorp.io/v3/mm/image?url=https%3A%2F%2Fimages.media-allrecipes.com%2Fuserphotos%2F8099979.jpg,https://www.allrecipes.com/recipe/63959/magic-cookie-bars-from-eagle-brand/
40,,Buckeyes I,['Recipe Summary test      prep: 15 mins    cook: 5 mins    additional: 30 mins    total: 50 mins     Servings: 30   Yield: 5 dozen     Nutrition Info'],"['1\u2009½ cups peanut butter', '1 cup butter, softened', '½ teaspoon vanilla extract', ""6 cups confectioners' sugar"", '4 cups semisweet chocolate chips']","[""Step 1   In a large bowl, mix together the peanut butter, butter, vanilla and confectioners' sugar. The dough will look dry. Roll into 1 inch balls and place on a waxed paper-lined cookie sheet.    Advertisement"", 'Step 2   Press a toothpick into the top of each ball (to be used later as the handle for dipping) and chill in freezer until firm, about 30 minutes.', 'Step 3   Melt chocolate chips in a double boiler or in a bowl set over a pan of barely simmering water. Stir frequently until smooth.', 'Step 4   Dip frozen peanut butter balls in chocolate holding onto the toothpick. Leave a small portion of peanut butter showing at the top to make them look like Buckeyes. Put back on the cookie sheet and refrigerate until serving.']",https://imagesvc.meredithcorp.io/v3/mm/image?url=https%3A%2F%2Fimages.media-allrecipes.com%2Fuserphotos%2F6565812.jpg,https://www.allrecipes.com/recipe/9909/buckeyes-i/
41,,Cream Cheese Squares,['Recipe Summary test      prep: 10 mins    cook: 30 mins    additional: 5 mins    total: 45 mins     Servings: 24   Yield: 24 squares     Nutrition Info'],"['2 (8 ounce) cans refrigerated crescent roll dough', '2 (8 ounce) packages cream cheese', '1 cup white sugar', '1 teaspoon vanilla extract', '½ cup margarine, melted', '¼ cup white sugar', '1 teaspoon ground cinnamon']","['Step 1   Preheat oven to 350 degrees F (175 degrees C). Grease a 9x13 inch pan.    Advertisement', 'Step 2   Press one can of the crescent rolls into the bottom of the prepared pan. In a medium bowl, mix together the cream cheese, 1 cup of sugar, and vanilla until smooth and creamy. Spread over the crescent layer. Unroll the second can of crescent rolls and lay them on top of the cream cheese layer. Do not press down. Pour the melted margarine over the entire pan. Combine the remaining 1/4 cup of sugar and cinnamon; sprinkle over the top.', 'Step 3   Bake for 25 to 30 minutes in the preheated oven, or until the top is crisp and golden.']",https://imagesvc.meredithcorp.io/v3/mm/image?url=https%3A%2F%2Fimages.media-allrecipes.com%2Fuserphotos%2F5888947.jpg,https://www.allrecipes.com/recipe/25832/cream-cheese-squares/
42,,Original Nestle® Toll House Chocolate Chip Cookies,['Recipe Summary test      prep: 15 mins    cook: 9 mins    additional: 15 mins    total: 39 mins     Servings: 60   Yield: 60 servings     Nutrition Info'],"['2\u2009¼ cups all-purpose flour', '1 teaspoon baking soda', '1 teaspoon salt', '1 cup butter, softened', '¾ cup granulated sugar', '¾ cup packed brown sugar', '1 teaspoon vanilla extract', '2 large eggs', '2 cups NESTLE® TOLL HOUSE® Semi-Sweet Chocolate Morsels', '1 cup chopped nuts']","['Step 1   Preheat oven to 375 degrees F.    Advertisement', 'Step 2   Combine flour, baking soda and salt in small bowl. Beat butter, granulated sugar, brown sugar and vanilla extract in large mixer bowl until creamy. Add eggs, one at a time, beating well after each addition. Gradually beat in flour mixture. Stir in morsels and nuts. Drop by rounded tablespoon onto ungreased baking sheets.', 'Step 3   Bake for 9 to 11 minutes or until golden brown. Cool on baking sheets for 2 minutes; remove to wire racks to cool completely.']",https://imagesvc.meredithcorp.io/v3/mm/image?url=https%3A%2F%2Fimages.media-allrecipes.com%2Fuserphotos%2F4109813.jpg,https://www.allrecipes.com/recipe/174864/original-nestle-toll-house-chocolate-chip-cookies/
43,,Deep Fried Oreos®,['Recipe Summary test      prep: 10 mins    cook: 20 mins    total: 30 mins     Servings: 30   Yield: 30 cookies     Nutrition Info'],"['2 quarts vegetable oil for frying', '1 large egg', '1 cup milk', '2 teaspoons vegetable oil', '1 cup pancake mix', '1 (18 ounce) package cream-filled chocolate sandwich cookies (such as Oreo®)']","['Step 1   Heat oil in deep-fryer to 375 degrees F (190 degrees C).    Advertisement', 'Step 2   Whisk together the egg, milk, and 2 teaspoons of vegetable oil in a bowl until smooth. Stir in the pancake mix until no dry lumps remain. Dip the cookies into the batter one at a time, and carefully place into the hot frying oil. Fry only 4 or 5 at a time to avoid overcrowding the deep fryer. Cook until the cookies are golden-brown, about 2 minutes. Drain on a paper towel-lined plate before serving.']",https://imagesvc.meredithcorp.io/v3/mm/image?url=https%3A%2F%2Fimages.media-allrecipes.com%2Fuserphotos%2F7452083.jpg,https://www.allrecipes.com/recipe/166081/deep-fried-oreos/
44,,Russian Tea Cakes I,['Recipe Summary test      prep: 20 mins    cook: 12 mins    additional: 3 mins    total: 35 mins     Servings: 36   Yield: 3 dozen     Nutrition Info'],"['1 cup butter', '1 teaspoon vanilla extract', ""6 tablespoons confectioners' sugar"", '2 cups all-purpose flour', '1 cup chopped walnuts', ""⅓ cup confectioners' sugar for decoration""]","['Step 1   Preheat oven to 350 degrees F (175 degrees C).    Advertisement', ""Step 2   In a medium bowl, cream butter and vanilla until smooth. Combine the 6 tablespoons confectioners' sugar and flour; stir into the butter mixture until just blended. Mix in the chopped walnuts. Roll dough into 1 inch balls, and place them 2 inches apart on an ungreased cookie sheet."", ""Step 3   Bake for 12 minutes in the preheated oven. When cool, roll in remaining confectioners' sugar. I also like to roll mine in the sugar a second time.""]",https://imagesvc.meredithcorp.io/v3/mm/image?url=https%3A%2F%2Fimages.media-allrecipes.com%2Fuserphotos%2F6298109.jpg,https://www.allrecipes.com/recipe/10192/russian-tea-cakes-i/
45,,Chocolate Caramel Brownies,['Recipe Summary test      prep: 15 mins    cook: 30 mins    total: 45 mins     Servings: 15   Yield: 15 brownies     Nutrition Info'],"['14 ounces caramels', '½ cup evaporated milk', '1 (18.25 ounce) package German chocolate cake mix', '⅓ cup evaporated milk', '¾ cup butter, melted', '¼ cup chopped pecans', '2 cups milk chocolate chips']","['Step 1   Peel caramels and place in a microwave-safe bowl. Stir in 1/2 cup evaporated milk. Heat and stir until all caramels are melted.    Advertisement', 'Step 2   Preheat oven to 350 degrees F (175 degrees C) Grease a 9x13 inch pan.', 'Step 3   In a large mixing bowl, mix together cake mix, 1/3 cup evaporated milk, melted butter, and chopped pecans. Place 1/2 of the batter in prepared baking pan.', 'Step 4   Bake for 8 minutes.', 'Step 5   Place the remaining batter into the fridge. Remove brownies from oven and sprinkle chocolate chips on top. Drizzle caramel sauce over chocolate chips. Remove brownie mix from refrigerator. Using a teaspoon, make small balls with the batter and smash flat. Very carefully, place on top of the caramel sauce until the top is completely covered.', 'Step 6   Bake for an additional 20 minutes. Remove and let cool.']",https://imagesvc.meredithcorp.io/v3/mm/image?url=https%3A%2F%2Fimages.media-allrecipes.com%2Fuserphotos%2F1027839.jpg,https://www.allrecipes.com/recipe/16048/chocolate-caramel-brownies/
46,,Joey's Peanut Butter Cookies,['Recipe Summary test      prep: 15 mins    cook: 10 mins    additional: 35 mins    total: 1 hr     Servings: 36   Yield: 3 dozen     Nutrition Info'],"['1 cup peanut butter', '½ cup butter, softened', '½ cup white sugar', '½ cup packed brown sugar', '1 egg', '3 tablespoons milk', '1 teaspoon vanilla extract', '1\u2009¼ cups all-purpose flour', '¾ teaspoon baking powder', '¼ teaspoon salt']","['Step 1   Preheat oven to 375 degrees F (190 degrees C).    Advertisement', 'Step 2   In a large bowl, cream together the peanut butter, butter, white sugar, and brown sugar until well blended. Beat in the egg, milk, and vanilla one at a time. Combine the flour, baking powder, and salt; stir into creamed mixture. Roll tablespoonfuls of dough into balls. Place cookies 2 inches apart onto ungreased cookie sheets. Press each ball once with fork tines.', 'Step 3   Bake for 8 to 10 minutes in the preheated oven, or until edges are lightly browned.']",https://imagesvc.meredithcorp.io/v3/mm/image?url=https%3A%2F%2Fimages.media-allrecipes.com%2Fuserphotos%2F6409008.jpg,https://www.allrecipes.com/recipe/11024/joeys-peanut-butter-cookies/
47,,Chocolate Chocolate Chip Cookies I,['Recipe Summary test      prep: 15 mins    cook: 10 mins    additional: 20 mins    total: 45 mins     Servings: 48   Yield: 4 dozen     Nutrition Info'],"['1 cup butter, softened', '1\u2009½ cups white sugar', '2 eggs', '2 teaspoons vanilla extract', '2 cups all-purpose flour', '⅔ cup cocoa powder', '¾ teaspoon baking soda', '¼ teaspoon salt', '2 cups semisweet chocolate chips', '½ cup chopped walnuts (Optional)']","['Step 1   Preheat oven to 350 degrees F (175 degrees C).    Advertisement', 'Step 2   In large bowl, beat butter, sugar, eggs, and vanilla until light and fluffy. Combine the flour, cocoa, baking soda, and salt; stir into the butter mixture until well blended. Mix in the chocolate chips and walnuts. Drop by rounded teaspoonfuls onto ungreased cookie sheets.', 'Step 3   Bake for 8 to 10 minutes in the preheated oven, or just until set. Cool slightly on the cookie sheets before transferring to wire racks to cool completely.']",https://imagesvc.meredithcorp.io/v3/mm/image?url=https%3A%2F%2Fimages.media-allrecipes.com%2Fuserphotos%2F6318523.jpg,https://www.allrecipes.com/recipe/9827/chocolate-chocolate-chip-cookies-i/
48,,OREO Cookie Balls,['Recipe Summary test      prep: 30 mins    additional: 1 hr 15 mins    total: 1 hr 45 mins     Servings: 48   Yield: 48 servings'],"['1 (8 ounce) package cream cheese, softened', '36 OREO Cookies, finely crushed', '16 ounces semi-sweet baking chocolate, melted']","['Step 1   Mix cream cheese and cookie crumbs until well blended.    Advertisement', 'Step 2   Shape into 48 (1-inch) balls. Freeze 10 min. Dip balls in melted chocolate; place in single layer in shallow waxed paper-lined pan.', 'Step 3   Refrigerate 1 hour or until firm.']",https://imagesvc.meredithcorp.io/v3/mm/image?url=https%3A%2F%2Fimages.media-allrecipes.com%2Fuserphotos%2F6118633.jpg,https://www.allrecipes.com/recipe/229415/oreo-cookie-balls/
49,,Grandma's Gingersnap Cookies,['Recipe Summary test      prep: 20 mins    cook: 10 mins    total: 30 mins     Servings: 30   Yield: 5 dozen     Nutrition Info'],"['2 cups sifted all-purpose flour', '1 tablespoon ground ginger', '2 teaspoons baking soda', '1 teaspoon ground cinnamon', '½ teaspoon salt', '¾ cup shortening', '1 cup white sugar', '1 egg', '¼ cup dark molasses', '⅓ cup cinnamon sugar']","['Step 1   Preheat oven to 350 degrees F (175 degrees C).    Advertisement', 'Step 2   Sift the flour, ginger, baking soda, cinnamon, and salt into a mixing bowl. Stir the mixture to blend evenly, and sift a second time into another bowl.', 'Step 3   Place the shortening into a mixing bowl and beat until creamy. Gradually beat in the white sugar. Beat in the egg, and dark molasses. Sift 1/3 of the flour mixture into the shortening mixture; stir to thoroughly blend. Sift in the remaining flour mixture, and mix together until a soft dough forms. Pinch off small amounts of dough and roll into 1 inch diameter balls between your hands. Roll each ball in cinnamon sugar, and place 2 inches apart on an ungreased baking sheet.', 'Step 4   Bake in preheated oven until the tops are rounded and slightly cracked, about 10 minutes. Cool cookies on a wire rack. Store in an air tight container.']",https://imagesvc.meredithcorp.io/v3/mm/image?url=https%3A%2F%2Fimages.media-allrecipes.com%2Fuserphotos%2F6090177.jpg,https://www.allrecipes.com/recipe/10365/grandmas-gingersnap-cookies/
50,,Seven Layer Bars,['Recipe Summary test      prep: 15 mins    cook: 25 mins    additional: 20 mins    total: 1 hr     Servings: 36   Yield: 3 dozen     Nutrition Info'],"['½ cup unsalted butter', '1\u2009½ cups graham cracker crumbs', '1 cup semisweet chocolate chips', '1 cup butterscotch chips', '1 cup chopped walnuts', '1 (14 ounce) can sweetened condensed milk', '1\u2009⅓ cups shredded coconut']","['Step 1   Preheat oven to 350 degrees F (180 degrees C).    Advertisement', 'Step 2   Place butter in 13 x 9 inch pan and melt in oven. Swirl to coat bottom and sides with butter.', 'Step 3   Spread graham cracker crumbs evenly over bottom of pan. Layer chocolate chips, butterscotch chips, and nuts over crumbs. Pour condensed milk over nuts. Sprinkle coconut over condensed milk.', 'Step 4   Bake until edges are golden brown, about 25 minutes. Let cool before cutting into bars.']",https://imagesvc.meredithcorp.io/v3/mm/image?url=https%3A%2F%2Fimages.media-allrecipes.com%2Fuserphotos%2F495245.jpg,https://www.allrecipes.com/recipe/9889/seven-layer-bars/
51,,Oatmeal Raisin Cookies I,['Recipe Summary test      prep: 15 mins    cook: 10 mins    additional: 35 mins    total: 1 hr     Servings: 48   Yield: 4 dozen     Nutrition Info'],"['¾ cup butter, softened', '¾ cup white sugar', '¾ cup packed light brown sugar', '2 eggs', '1 teaspoon vanilla extract', '1\u2009¼ cups all-purpose flour', '1 teaspoon baking soda', '¾ teaspoon ground cinnamon', '½ teaspoon salt', '2\u2009¾ cups rolled oats', '1 cup raisins']","['Step 1   Preheat oven to 375 degrees F (190 degrees C).    Advertisement', 'Step 2   In large bowl, cream together butter, white sugar, and brown sugar until smooth. Beat in the eggs and vanilla until fluffy. Stir together flour, baking soda, cinnamon, and salt. Gradually beat into butter mixture. Stir in oats and raisins. Drop by teaspoonfuls onto ungreased cookie sheets.', 'Step 3   Bake 8 to 10 minutes in the preheated oven, or until golden brown. Cool slightly, remove from sheet to wire rack. Cool completely.']",https://imagesvc.meredithcorp.io/v3/mm/image?url=https%3A%2F%2Fimages.media-allrecipes.com%2Fuserphotos%2F6307132.jpg,https://www.allrecipes.com/recipe/10264/oatmeal-raisin-cookies-i/
52,,Soft Christmas Cookies,['Recipe Summary test      prep: 20 mins    cook: 8 mins    additional: 2 hrs 32 mins    total: 3 hrs     Servings: 48   Yield: 4 dozen     Nutrition Info'],"['3\u2009¾ cups all-purpose flour', '1 teaspoon baking powder', '½ teaspoon salt', '1 cup margarine, softened', '1\u2009½ cups white sugar', '2 eggs', '2 teaspoons vanilla extract']","['Step 1   Sift flour, baking powder, and salt together, set aside. In a large bowl, cream together the margarine and sugar until light and fluffy. Beat in the eggs one at a time, then stir in the vanilla. Gradually blend in the sifted ingredients until fully absorbed. Cover dough, and chill for 2 hours.    Advertisement', 'Step 2   Preheat oven to 400 degrees F (200 degrees C). Grease cookie sheets. On a clean floured surface, roll out small portions of chilled dough to 1/4 inch thickness. Cut out shapes using cookie cutters.', 'Step 3   Bake 6 to 8 minutes in the preheated oven, or until edges are barely brown. Remove from cookie sheets to cool on wire racks.']",https://imagesvc.meredithcorp.io/v3/mm/image?url=https%3A%2F%2Fimages.media-allrecipes.com%2Fuserphotos%2F6125568.jpg,https://www.allrecipes.com/recipe/10110/soft-christmas-cookies/
